ID,Target
ID00qprY_boil,0
ID00qprY_pan,0
ID01AciUc_boil,0
ID01AciUc_pan,0
ID0328D_boil,0
ID0328D_pan,0
ID05WxObCFTs9_boil,0
ID05WxObCFTs9_pan,0
ID06AdCmLMlkO_boil,0
ID06AdCmLMlkO_pan,0
ID0BTVyh4_boil,0
ID0BTVyh4_pan,0
ID0FBDllOkNS3A_boil,0
ID0FBDllOkNS3A_pan,0
ID0FjL0VeJuPBW_boil,0
ID0FjL0VeJuPBW_pan,0
ID0HlRCFE5wCBkWP_boil,0
ID0HlRCFE5wCBkWP_pan,0
ID0IovKJW_boil,0
ID0IovKJW_pan,0
ID0LpXkRA81X_boil,0
ID0LpXkRA81X_pan,0
ID0M63kKZ55_boil,0
ID0M63kKZ55_pan,0
ID0QsFWsyFqZdx_boil,0
ID0QsFWsyFqZdx_pan,0
ID0SfCD_boil,0
ID0SfCD_pan,0
ID0akoJsfedXprL_boil,0
ID0akoJsfedXprL_pan,0
ID0dJJPCYanXEalJ_boil,0
ID0dJJPCYanXEalJ_pan,0
ID0dfmojB_boil,0
ID0dfmojB_pan,0
ID0e6159wkv90z_boil,0
ID0e6159wkv90z_pan,0
ID0kB33brV_boil,0
ID0kB33brV_pan,0
ID0maWjURTmcAjqi_boil,0
ID0maWjURTmcAjqi_pan,0
ID0pTyIRodXkgwhM_boil,0
ID0pTyIRodXkgwhM_pan,0
ID0vKQKW_boil,0
ID0vKQKW_pan,0
ID0yctFiI9JXoazy_boil,0
ID0yctFiI9JXoazy_pan,0
ID149tZzT8_boil,0
ID149tZzT8_pan,0
ID1AfoHXF_boil,0
ID1AfoHXF_pan,0
ID1KYfDfr0L_boil,0
ID1KYfDfr0L_pan,0
ID1LA6Rx8qCyZcTO_boil,0
ID1LA6Rx8qCyZcTO_pan,0
ID1TOo3_boil,0
ID1TOo3_pan,0
ID1UlsomrqgKDofZC_boil,0
ID1UlsomrqgKDofZC_pan,0
ID1eo7z_boil,0
ID1eo7z_pan,0
ID1jkyzBoflp4_boil,0
ID1jkyzBoflp4_pan,0
ID1k2a9nf_boil,0
ID1k2a9nf_pan,0
ID1kuxucbsbCX_boil,0
ID1kuxucbsbCX_pan,0
ID1lAVUHzhMkn1P_boil,0
ID1lAVUHzhMkn1P_pan,0
ID1notv9fSD_boil,0
ID1notv9fSD_pan,0
ID1qhxezGRD_boil,0
ID1qhxezGRD_pan,0
ID1qlZeCi_boil,0
ID1qlZeCi_pan,0
ID1skciQI3zi_boil,0
ID1skciQI3zi_pan,0
ID1uweyu0Fyd8eq_boil,0
ID1uweyu0Fyd8eq_pan,0
ID1wP4IBH_boil,0
ID1wP4IBH_pan,0
ID1xuupS_boil,0
ID1xuupS_pan,0
ID21UQAbBk8nQG_boil,0
ID21UQAbBk8nQG_pan,0
ID21zmyIZ_boil,0
ID21zmyIZ_pan,0
ID25pMSm_boil,0
ID25pMSm_pan,0
ID280v0XHbkDu_boil,0
ID280v0XHbkDu_pan,0
ID2Is7fwj_boil,0
ID2Is7fwj_pan,0
ID2KZruU0L_boil,0
ID2KZruU0L_pan,0
ID2NSkOIUD6F_boil,0
ID2NSkOIUD6F_pan,0
ID2PBo8gc6VGiXtQ_boil,0
ID2PBo8gc6VGiXtQ_pan,0
ID2QAeip_boil,0
ID2QAeip_pan,0
ID2Usl1ezSfbOV_boil,0
ID2Usl1ezSfbOV_pan,0
ID2Wk3tg_boil,0
ID2Wk3tg_pan,0
ID2axpqnxH_boil,0
ID2axpqnxH_pan,0
ID2nlz2h06bDG_boil,0
ID2nlz2h06bDG_pan,0
ID2oDIOfQM_boil,0
ID2oDIOfQM_pan,0
ID2r8ZX2S_boil,0
ID2r8ZX2S_pan,0
ID2s8DzB_boil,0
ID2s8DzB_pan,0
ID2tvAPl755je_boil,0
ID2tvAPl755je_pan,0
ID2uOtEx5AComN_boil,0
ID2uOtEx5AComN_pan,0
ID30cTFRtDKdCwt1g_boil,0
ID30cTFRtDKdCwt1g_pan,0
ID34JQo9q_boil,0
ID34JQo9q_pan,0
ID3B1TvjBAtZ_boil,0
ID3B1TvjBAtZ_pan,0
ID3BPzU27w4_boil,0
ID3BPzU27w4_pan,0
ID3E40hHStriUb_boil,0
ID3E40hHStriUb_pan,0
ID3LA0B23P_boil,0
ID3LA0B23P_pan,0
ID3QPGZolA0_boil,0
ID3QPGZolA0_pan,0
ID3WVgGW_boil,0
ID3WVgGW_pan,0
ID3Wec8l8Ne04DBv9_boil,0
ID3Wec8l8Ne04DBv9_pan,0
ID3aifRIFQ6nHq9_boil,0
ID3aifRIFQ6nHq9_pan,0
ID3cyqj3A1Qk6M2_boil,0
ID3cyqj3A1Qk6M2_pan,0
ID3erWfTEn7rif_boil,0
ID3erWfTEn7rif_pan,0
ID3hrW9feaz_boil,0
ID3hrW9feaz_pan,0
ID3mLkiA7p_boil,0
ID3mLkiA7p_pan,0
ID3n9EVi0llJ7EM3s_boil,0
ID3n9EVi0llJ7EM3s_pan,0
ID3s9sjV8xT5X_boil,0
ID3s9sjV8xT5X_pan,0
ID3tIq1bkaQ_boil,0
ID3tIq1bkaQ_pan,0
ID3uDELCzq4_boil,0
ID3uDELCzq4_pan,0
ID3x9YCn6MPHhlmMo_boil,0
ID3x9YCn6MPHhlmMo_pan,0
ID3yHUh0Wttnr_boil,0
ID3yHUh0Wttnr_pan,0
ID42tOOiIotmRy0_boil,0
ID42tOOiIotmRy0_pan,0
ID45O5fV3wG_boil,0
ID45O5fV3wG_pan,0
ID46sh8_boil,0
ID46sh8_pan,0
ID48zxdPnfjasS3Pi_boil,0
ID48zxdPnfjasS3Pi_pan,0
ID4AjyKo8SB1TJ_boil,0
ID4AjyKo8SB1TJ_pan,0
ID4BTGu06JgRCk_boil,0
ID4BTGu06JgRCk_pan,0
ID4FmGrOlF_boil,0
ID4FmGrOlF_pan,0
ID4GwXAW_boil,0
ID4GwXAW_pan,0
ID4NemgMB11bSb9_boil,0
ID4NemgMB11bSb9_pan,0
ID4RZf8Ki7SoRyJ6Y_boil,0
ID4RZf8Ki7SoRyJ6Y_pan,0
ID4Xpq78V9x_boil,0
ID4Xpq78V9x_pan,0
ID4YS79CEQBMm0_boil,0
ID4YS79CEQBMm0_pan,0
ID4gP1vqI9UEK7_boil,0
ID4gP1vqI9UEK7_pan,0
ID4hHdF_boil,0
ID4hHdF_pan,0
ID4hsD2T4SXBdWqC_boil,0
ID4hsD2T4SXBdWqC_pan,0
ID59ss5ITEqj_boil,0
ID59ss5ITEqj_pan,0
ID5A2pknRjBPe_boil,0
ID5A2pknRjBPe_pan,0
ID5E46mKII2JUA_boil,0
ID5E46mKII2JUA_pan,0
ID5RIE9trNeQg_boil,0
ID5RIE9trNeQg_pan,0
ID5UIL7hL6xi_boil,0
ID5UIL7hL6xi_pan,0
ID5Zjm6_boil,0
ID5Zjm6_pan,0
ID5aiY1PY_boil,0
ID5aiY1PY_pan,0
ID5gX9PQE1XTCp_boil,0
ID5gX9PQE1XTCp_pan,0
ID5qmLQznmh_boil,0
ID5qmLQznmh_pan,0
ID5t4CyIa_boil,0
ID5t4CyIa_pan,0
ID5wdl1i5WnfHw0e_boil,0
ID5wdl1i5WnfHw0e_pan,0
ID5ztbQO98jYM1_boil,0
ID5ztbQO98jYM1_pan,0
ID60SNTt4ERPpYb_boil,0
ID60SNTt4ERPpYb_pan,0
ID60iDhll_boil,0
ID60iDhll_pan,0
ID6BhyM_boil,0
ID6BhyM_pan,0
ID6C6ZEKIa_boil,0
ID6C6ZEKIa_pan,0
ID6EZbm_boil,0
ID6EZbm_pan,0
ID6HvC2m_boil,0
ID6HvC2m_pan,0
ID6QoOFcqqXQka_boil,0
ID6QoOFcqqXQka_pan,0
ID6XKuAUn_boil,0
ID6XKuAUn_pan,0
ID6ehyza6aUtEcc_boil,0
ID6ehyza6aUtEcc_pan,0
ID6fWEVe4R_boil,0
ID6fWEVe4R_pan,0
ID6hpUWcKjjLP3_boil,0
ID6hpUWcKjjLP3_pan,0
ID6pgJ5ahtEptUmj_boil,0
ID6pgJ5ahtEptUmj_pan,0
ID6sEsRrUWq_boil,0
ID6sEsRrUWq_pan,0
ID6sz5aWe3WR_boil,0
ID6sz5aWe3WR_pan,0
ID74ovPp_boil,0
ID74ovPp_pan,0
ID77OsZw9zZRUrSz_boil,0
ID77OsZw9zZRUrSz_pan,0
ID78Mkj4_boil,0
ID78Mkj4_pan,0
ID7HWix_boil,0
ID7HWix_pan,0
ID7L7OGWB5rB5MJ_boil,0
ID7L7OGWB5rB5MJ_pan,0
ID7MX2yBHV_boil,0
ID7MX2yBHV_pan,0
ID7Z6gH3yEPaL_boil,0
ID7Z6gH3yEPaL_pan,0
ID7b1mG_boil,0
ID7b1mG_pan,0
ID7bP8IwegsS_boil,0
ID7bP8IwegsS_pan,0
ID7dJcTxJ4Oq_boil,0
ID7dJcTxJ4Oq_pan,0
ID7f3TT_boil,0
ID7f3TT_pan,0
ID7fxOa_boil,0
ID7fxOa_pan,0
ID7h045Y4C_boil,0
ID7h045Y4C_pan,0
ID7jcUYkolAU_boil,0
ID7jcUYkolAU_pan,0
ID7kdr8yU1_boil,0
ID7kdr8yU1_pan,0
ID7q8XHg_boil,0
ID7q8XHg_pan,0
ID81h1LnSPzqDc_boil,0
ID81h1LnSPzqDc_pan,0
ID82kUBG2ED_boil,0
ID82kUBG2ED_pan,0
ID8BiiEb7kT5eHA_boil,0
ID8BiiEb7kT5eHA_pan,0
ID8JMYnMhdYd_boil,0
ID8JMYnMhdYd_pan,0
ID8M0KobldT_boil,0
ID8M0KobldT_pan,0
ID8MnZuMJYOxg_boil,0
ID8MnZuMJYOxg_pan,0
ID8NL5ONYqWOo_boil,0
ID8NL5ONYqWOo_pan,0
ID8WF3R9_boil,0
ID8WF3R9_pan,0
ID8Y8mUy_boil,0
ID8Y8mUy_pan,0
ID8ZfY76DoOBe8_boil,0
ID8ZfY76DoOBe8_pan,0
ID8dajtQf_boil,0
ID8dajtQf_pan,0
ID8fvWYad6_boil,0
ID8fvWYad6_pan,0
ID8kYjwa8VELq1_boil,0
ID8kYjwa8VELq1_pan,0
ID8sNx5T5A0A0_boil,0
ID8sNx5T5A0A0_pan,0
ID8wBYTp6CHukbQ_boil,0
ID8wBYTp6CHukbQ_pan,0
ID90PxU6b7066KxO_boil,0
ID90PxU6b7066KxO_pan,0
ID96QaKoQJA7q_boil,0
ID96QaKoQJA7q_pan,0
ID97jEo_boil,0
ID97jEo_pan,0
ID9M2fZ5io1Am7z_boil,0
ID9M2fZ5io1Am7z_pan,0
ID9NZt1LjxaT_boil,0
ID9NZt1LjxaT_pan,0
ID9PoOPGe_boil,0
ID9PoOPGe_pan,0
ID9SMscZZhXiOCa5X_boil,0
ID9SMscZZhXiOCa5X_pan,0
ID9Um5PVu8rKEUj_boil,0
ID9Um5PVu8rKEUj_pan,0
ID9W3R9SLEnNC_boil,0
ID9W3R9SLEnNC_pan,0
ID9WhuR4Oly5xGClB_boil,0
ID9WhuR4Oly5xGClB_pan,0
ID9Yw0LDtTqX_boil,0
ID9Yw0LDtTqX_pan,0
ID9bUIiQ_boil,0
ID9bUIiQ_pan,0
ID9e2pt6DFHGwijsx_boil,0
ID9e2pt6DFHGwijsx_pan,0
ID9q48ylANuZZS_boil,0
ID9q48ylANuZZS_pan,0
ID9seuyLG_boil,0
ID9seuyLG_pan,0
IDA0zSwkZ5oASi_boil,0
IDA0zSwkZ5oASi_pan,0
IDA5tv4oCP6_boil,0
IDA5tv4oCP6_pan,0
IDA6RX9I1Vuh_boil,0
IDA6RX9I1Vuh_pan,0
IDA89129BpEJwAU_boil,0
IDA89129BpEJwAU_pan,0
IDAUaTcswJeb0_boil,0
IDAUaTcswJeb0_pan,0
IDAYEU5cX9xzLA_boil,0
IDAYEU5cX9xzLA_pan,0
IDAb6WuVG_boil,0
IDAb6WuVG_pan,0
IDAdQgr_boil,0
IDAdQgr_pan,0
IDAfStbs_boil,0
IDAfStbs_pan,0
IDAj7qI6_boil,0
IDAj7qI6_pan,0
IDAkkOzGQae_boil,0
IDAkkOzGQae_pan,0
IDAmYZkjXOjsKeGIU_boil,0
IDAmYZkjXOjsKeGIU_pan,0
IDAoS7IW3iEfvnN_boil,0
IDAoS7IW3iEfvnN_pan,0
IDApVuTp42C3_boil,0
IDApVuTp42C3_pan,0
IDAxHxok9DBzXDLEa_boil,0
IDAxHxok9DBzXDLEa_pan,0
IDAylzdyizAiG1rtG_boil,0
IDAylzdyizAiG1rtG_pan,0
IDAzsOtNMyZoWcyRM_boil,0
IDAzsOtNMyZoWcyRM_pan,0
IDB0zyfqyrjJjue_boil,0
IDB0zyfqyrjJjue_pan,0
IDB1wtjXBZ0D4_boil,0
IDB1wtjXBZ0D4_pan,0
IDB2pAQWobBYGzB_boil,0
IDB2pAQWobBYGzB_pan,0
IDBDUN9OVNlj_boil,0
IDBDUN9OVNlj_pan,0
IDBGOHYo36YWK2_boil,0
IDBGOHYo36YWK2_pan,0
IDBQeR2FY_boil,0
IDBQeR2FY_pan,0
IDBSZWd3qVdR_boil,0
IDBSZWd3qVdR_pan,0
IDBTsNvmvTyf_boil,0
IDBTsNvmvTyf_pan,0
IDBVF4vPUv0_boil,0
IDBVF4vPUv0_pan,0
IDBWoelEX0Cvs_boil,0
IDBWoelEX0Cvs_pan,0
IDBZO81kDv_boil,0
IDBZO81kDv_pan,0
IDBcsjN_boil,0
IDBcsjN_pan,0
IDBgmREbCIsD3qXQq_boil,0
IDBgmREbCIsD3qXQq_pan,0
IDBh4xlD_boil,0
IDBh4xlD_pan,0
IDBlm6fCRaPycq_boil,0
IDBlm6fCRaPycq_pan,0
IDBpZlitfz_boil,0
IDBpZlitfz_pan,0
IDBqyTU_boil,0
IDBqyTU_pan,0
IDBxR6JNCET8YzB6P_boil,0
IDBxR6JNCET8YzB6P_pan,0
IDBzCK4PKnZ3DYp_boil,0
IDBzCK4PKnZ3DYp_pan,0
IDC1H005vv_boil,0
IDC1H005vv_pan,0
IDC6pQY_boil,0
IDC6pQY_pan,0
IDC7DbTJw1_boil,0
IDC7DbTJw1_pan,0
IDCDu4j8LaUZNV0T_boil,0
IDCDu4j8LaUZNV0T_pan,0
IDCGGz8CBh_boil,0
IDCGGz8CBh_pan,0
IDCKAxcKEtSBCW6_boil,0
IDCKAxcKEtSBCW6_pan,0
IDCKdbTD12o_boil,0
IDCKdbTD12o_pan,0
IDCXC3WZ8fTpPqB4u_boil,0
IDCXC3WZ8fTpPqB4u_pan,0
IDCcdnWC_boil,0
IDCcdnWC_pan,0
IDCdEqVm8_boil,0
IDCdEqVm8_pan,0
IDCdPy5qxo6aD_boil,0
IDCdPy5qxo6aD_pan,0
IDCgowM2FHi_boil,0
IDCgowM2FHi_pan,0
IDCkHt5Rt6_boil,0
IDCkHt5Rt6_pan,0
IDClS3NV6Qtn_boil,0
IDClS3NV6Qtn_pan,0
IDCnYpokt8J9YSmJq_boil,0
IDCnYpokt8J9YSmJq_pan,0
IDCy8SpRP8Dp_boil,0
IDCy8SpRP8Dp_pan,0
IDCyb1wTo_boil,0
IDCyb1wTo_pan,0
IDD0iJVRcCEr0j_boil,0
IDD0iJVRcCEr0j_pan,0
IDD8ZVNUFQ2Hf_boil,0
IDD8ZVNUFQ2Hf_pan,0
IDDAmnuvdBi_boil,0
IDDAmnuvdBi_pan,0
IDDF7tO_boil,0
IDDF7tO_pan,0
IDDHVcH2Jd5etFmY_boil,0
IDDHVcH2Jd5etFmY_pan,0
IDDLAHHyPW_boil,0
IDDLAHHyPW_pan,0
IDDPTa8I_boil,0
IDDPTa8I_pan,0
IDDV1rcb2sZW09_boil,0
IDDV1rcb2sZW09_pan,0
IDDVN3CnZpwmyacw_boil,0
IDDVN3CnZpwmyacw_pan,0
IDDW5cL0_boil,0
IDDW5cL0_pan,0
IDDXjoLTLw_boil,0
IDDXjoLTLw_pan,0
IDDgn4erHVKx_boil,0
IDDgn4erHVKx_pan,0
IDDpc3xF04_boil,0
IDDpc3xF04_pan,0
IDDpeOGoZa_boil,0
IDDpeOGoZa_pan,0
IDDpfZqI5mI8_boil,0
IDDpfZqI5mI8_pan,0
IDDwVqY_boil,0
IDDwVqY_pan,0
IDDwsERs6gKTXW4_boil,0
IDDwsERs6gKTXW4_pan,0
IDDzy72Q_boil,0
IDDzy72Q_pan,0
IDE1fiYjgO_boil,0
IDE1fiYjgO_pan,0
IDE2Ye8LKLjsheXRM_boil,0
IDE2Ye8LKLjsheXRM_pan,0
IDE8mgSMQMERT_boil,0
IDE8mgSMQMERT_pan,0
IDEA3IGuh_boil,0
IDEA3IGuh_pan,0
IDEAoIrMYqKi_boil,0
IDEAoIrMYqKi_pan,0
IDEC9Zeb_boil,0
IDEC9Zeb_pan,0
IDEIMnBHoWAphFcK_boil,0
IDEIMnBHoWAphFcK_pan,0
IDEM6lqG_boil,0
IDEM6lqG_pan,0
IDEMlUxogrpf5_boil,0
IDEMlUxogrpf5_pan,0
IDEPRHDYOghx_boil,0
IDEPRHDYOghx_pan,0
IDETMNAGhhrWI_boil,0
IDETMNAGhhrWI_pan,0
IDEe6iXTgt_boil,0
IDEe6iXTgt_pan,0
IDEs68Bci8cfLHJo_boil,0
IDEs68Bci8cfLHJo_pan,0
IDEuh15aqGWPu_boil,0
IDEuh15aqGWPu_pan,0
IDEvpb6v4OOe0Y_boil,0
IDEvpb6v4OOe0Y_pan,0
IDEwGnmQlltf_boil,0
IDEwGnmQlltf_pan,0
IDEyShR_boil,0
IDEyShR_pan,0
IDF2nDTmv7b1_boil,0
IDF2nDTmv7b1_pan,0
IDF4jqxKoNU8Vc_boil,0
IDF4jqxKoNU8Vc_pan,0
IDF5A5nwEnb_boil,0
IDF5A5nwEnb_pan,0
IDF5IjWvf67_boil,0
IDF5IjWvf67_pan,0
IDF9OFLKW27eo6e_boil,0
IDF9OFLKW27eo6e_pan,0
IDFAZjkhvieGj865E_boil,0
IDFAZjkhvieGj865E_pan,0
IDFDU5Sj4e_boil,0
IDFDU5Sj4e_pan,0
IDFKClc_boil,0
IDFKClc_pan,0
IDFKWhA_boil,0
IDFKWhA_pan,0
IDFKul110Y7cX8_boil,0
IDFKul110Y7cX8_pan,0
IDFNa0FuDwDmQiD_boil,0
IDFNa0FuDwDmQiD_pan,0
IDFQFXzy_boil,0
IDFQFXzy_pan,0
IDFUHKuId_boil,0
IDFUHKuId_pan,0
IDFWrhU5Fkan_boil,0
IDFWrhU5Fkan_pan,0
IDFaqVEUjZHgiU6_boil,0
IDFaqVEUjZHgiU6_pan,0
IDFc5aOF9kvvlSKn_boil,0
IDFc5aOF9kvvlSKn_pan,0
IDFmke9C_boil,0
IDFmke9C_pan,0
IDFnMhurg76W1RUK_boil,0
IDFnMhurg76W1RUK_pan,0
IDFnwkQ_boil,0
IDFnwkQ_pan,0
IDFpzKdLAo_boil,0
IDFpzKdLAo_pan,0
IDFq38fVBc9_boil,0
IDFq38fVBc9_pan,0
IDFsIy1n6Z_boil,0
IDFsIy1n6Z_pan,0
IDFxmMFRpbs_boil,0
IDFxmMFRpbs_pan,0
IDFzhyb5lPz_boil,0
IDFzhyb5lPz_pan,0
IDG1AkIPbSV_boil,0
IDG1AkIPbSV_pan,0
IDG5lTLIt9O_boil,0
IDG5lTLIt9O_pan,0
IDG94VRtYi0FsZ_boil,0
IDG94VRtYi0FsZ_pan,0
IDGDNyCCkaKLzXCM_boil,0
IDGDNyCCkaKLzXCM_pan,0
IDGKXoUKZZIMiwIA_boil,0
IDGKXoUKZZIMiwIA_pan,0
IDGPlef7MvMDtw_boil,0
IDGPlef7MvMDtw_pan,0
IDGR80BE8mvNUCNN3_boil,0
IDGR80BE8mvNUCNN3_pan,0
IDGUy652Ws9OT5W8v_boil,0
IDGUy652Ws9OT5W8v_pan,0
IDGd4vXS_boil,0
IDGd4vXS_pan,0
IDGfz4VMkN_boil,0
IDGfz4VMkN_pan,0
IDGi28ybRJegVvn_boil,0
IDGi28ybRJegVvn_pan,0
IDGmQhncDYrgwrH_boil,0
IDGmQhncDYrgwrH_pan,0
IDGmoxZt1kCAHSwND_boil,0
IDGmoxZt1kCAHSwND_pan,0
IDGtye16mV1WRf_boil,0
IDGtye16mV1WRf_pan,0
IDGuf5l0pfY4dlC_boil,0
IDGuf5l0pfY4dlC_pan,0
IDH0i3q_boil,0
IDH0i3q_pan,0
IDH16qvhuu2FN_boil,0
IDH16qvhuu2FN_pan,0
IDH5U5dqwhKN30uTz_boil,0
IDH5U5dqwhKN30uTz_pan,0
IDHCu7gnVkXD0s_boil,0
IDHCu7gnVkXD0s_pan,0
IDHEYX4VMXCjwaqbs_boil,0
IDHEYX4VMXCjwaqbs_pan,0
IDHFoUKbxGP_boil,0
IDHFoUKbxGP_pan,0
IDHILD8DnJZTuUg_boil,0
IDHILD8DnJZTuUg_pan,0
IDHIi7sOPf_boil,0
IDHIi7sOPf_pan,0
IDHJ3hdZY0DABxwn2_boil,0
IDHJ3hdZY0DABxwn2_pan,0
IDHJnBm87ZUS8obg_boil,0
IDHJnBm87ZUS8obg_pan,0
IDHOC1FvOv3yFPOl_boil,0
IDHOC1FvOv3yFPOl_pan,0
IDHWKIVSCFhCK4_boil,0
IDHWKIVSCFhCK4_pan,0
IDHXwqtTeZa5pc6o9_boil,0
IDHXwqtTeZa5pc6o9_pan,0
IDHZK21FetRA_boil,0
IDHZK21FetRA_pan,0
IDHavhM_boil,0
IDHavhM_pan,0
IDHdtxlSc_boil,0
IDHdtxlSc_pan,0
IDHfdl87Y_boil,0
IDHfdl87Y_pan,0
IDHmTcHZd7BE3B_boil,0
IDHmTcHZd7BE3B_pan,0
IDHnnVg9DXD_boil,0
IDHnnVg9DXD_pan,0
IDHqbxPzif_boil,0
IDHqbxPzif_pan,0
IDHsKXa3RjvFHP_boil,0
IDHsKXa3RjvFHP_pan,0
IDHtVTOt8KNNO_boil,0
IDHtVTOt8KNNO_pan,0
IDHvsezZ7HM_boil,0
IDHvsezZ7HM_pan,0
IDI06IBMc_boil,0
IDI06IBMc_pan,0
IDIAdM52mOZC_boil,0
IDIAdM52mOZC_pan,0
IDIFJJRBEBaS9GJMw_boil,0
IDIFJJRBEBaS9GJMw_pan,0
IDIIDOmJe_boil,0
IDIIDOmJe_pan,0
IDIJzc5uol6_boil,0
IDIJzc5uol6_pan,0
IDIM3qyRZyJb0CzL_boil,0
IDIM3qyRZyJb0CzL_pan,0
IDIM8ZYNWC9cpJ_boil,0
IDIM8ZYNWC9cpJ_pan,0
IDIN7Y20PpzPk93B_boil,0
IDIN7Y20PpzPk93B_pan,0
IDINWneOxB70u_boil,0
IDINWneOxB70u_pan,0
IDISZpcq8rWB_boil,0
IDISZpcq8rWB_pan,0
IDITL86p88LLHY1_boil,0
IDITL86p88LLHY1_pan,0
IDIWJ7wFYVu6qMjf_boil,0
IDIWJ7wFYVu6qMjf_pan,0
IDIZ70v_boil,0
IDIZ70v_pan,0
IDIfcox6I7n1_boil,0
IDIfcox6I7n1_pan,0
IDIfuBIn_boil,0
IDIfuBIn_pan,0
IDIgkWDaqwXXozOI_boil,0
IDIgkWDaqwXXozOI_pan,0
IDIhOTILMHz5wPCY_boil,0
IDIhOTILMHz5wPCY_pan,0
IDIl79K8GJtMJY_boil,0
IDIl79K8GJtMJY_pan,0
IDIlPrCkH_boil,0
IDIlPrCkH_pan,0
IDIqWPdIM_boil,0
IDIqWPdIM_pan,0
IDIr2jkBOUL_boil,0
IDIr2jkBOUL_pan,0
IDIwmLztUQeps2t1N_boil,0
IDIwmLztUQeps2t1N_pan,0
IDIx92GuElKj7Hhsv_boil,0
IDIx92GuElKj7Hhsv_pan,0
IDJ2MEHdcAj6u8_boil,0
IDJ2MEHdcAj6u8_pan,0
IDJ8soN_boil,0
IDJ8soN_pan,0
IDJ9aNFsYme2_boil,0
IDJ9aNFsYme2_pan,0
IDJF1FIr94ICgh4E_boil,0
IDJF1FIr94ICgh4E_pan,0
IDJItSr4H_boil,0
IDJItSr4H_pan,0
IDJKLLPfEMAQ1SR_boil,0
IDJKLLPfEMAQ1SR_pan,0
IDJPzvEJZhf2a_boil,0
IDJPzvEJZhf2a_pan,0
IDJQF2ZS_boil,0
IDJQF2ZS_pan,0
IDJS4VzDnTtJ_boil,0
IDJS4VzDnTtJ_pan,0
IDJUgiW_boil,0
IDJUgiW_pan,0
IDJVD2rN_boil,0
IDJVD2rN_pan,0
IDJZtxOMkpiYRa_boil,0
IDJZtxOMkpiYRa_pan,0
IDJcjqW7rB1lwZqFx_boil,0
IDJcjqW7rB1lwZqFx_pan,0
IDJecFNJguvTRy_boil,0
IDJecFNJguvTRy_pan,0
IDJgqLVP4_boil,0
IDJgqLVP4_pan,0
IDJjPgyGge1TnPgJv_boil,0
IDJjPgyGge1TnPgJv_pan,0
IDJm4eh3XgV5Bg_boil,0
IDJm4eh3XgV5Bg_pan,0
IDJs41T23jz5WOuo_boil,0
IDJs41T23jz5WOuo_pan,0
IDJyx6xO9_boil,0
IDJyx6xO9_pan,0
IDK0gON4uZv8m_boil,0
IDK0gON4uZv8m_pan,0
IDK0qLYlueh7zi_boil,0
IDK0qLYlueh7zi_pan,0
IDK6FSBNg6hTpcj_boil,0
IDK6FSBNg6hTpcj_pan,0
IDK6NUIqlE0HwT9_boil,0
IDK6NUIqlE0HwT9_pan,0
IDK6mJLUMf_boil,0
IDK6mJLUMf_pan,0
IDK6t3c22YXu3tnGK_boil,0
IDK6t3c22YXu3tnGK_pan,0
IDK6t6RbHOvqIBtXF_boil,0
IDK6t6RbHOvqIBtXF_pan,0
IDK882SHZ1oD3z_boil,0
IDK882SHZ1oD3z_pan,0
IDKBV4od6RPa_boil,0
IDKBV4od6RPa_pan,0
IDKCqD5tg3u_boil,0
IDKCqD5tg3u_pan,0
IDKEUzONz_boil,0
IDKEUzONz_pan,0
IDKHE2jX_boil,0
IDKHE2jX_pan,0
IDKHvdtrjzVQ_boil,0
IDKHvdtrjzVQ_pan,0
IDKN6hQUq3bX_boil,0
IDKN6hQUq3bX_pan,0
IDKPtNdjHynOtygE_boil,0
IDKPtNdjHynOtygE_pan,0
IDKVu0o7UiNsnD0Kk_boil,0
IDKVu0o7UiNsnD0Kk_pan,0
IDKZJc7MGSN_boil,0
IDKZJc7MGSN_pan,0
IDKgQonsJWDoRjb3_boil,0
IDKgQonsJWDoRjb3_pan,0
IDKiLWnPnPXmg3_boil,0
IDKiLWnPnPXmg3_pan,0
IDKnaHg0oiDMoz_boil,0
IDKnaHg0oiDMoz_pan,0
IDKoYUe1Wc8_boil,0
IDKoYUe1Wc8_pan,0
IDKrRNdjS1E_boil,0
IDKrRNdjS1E_pan,0
IDKrSuEjdC4P_boil,0
IDKrSuEjdC4P_pan,0
IDKrqli_boil,0
IDKrqli_pan,0
IDKsG3vt_boil,0
IDKsG3vt_pan,0
IDKtF1CeNRz9g0x_boil,0
IDKtF1CeNRz9g0x_pan,0
IDKvGcqSmZA8qmMYP_boil,0
IDKvGcqSmZA8qmMYP_pan,0
IDKyI51Rf8tm_boil,0
IDKyI51Rf8tm_pan,0
IDL2kHjS_boil,0
IDL2kHjS_pan,0
IDL44beN_boil,0
IDL44beN_pan,0
IDL46Fnc6PY4E_boil,0
IDL46Fnc6PY4E_pan,0
IDL6NaRNLLn9MbR_boil,0
IDL6NaRNLLn9MbR_pan,0
IDL927XZBhgyobC_boil,0
IDL927XZBhgyobC_pan,0
IDL9wX7t3MpVd_boil,0
IDL9wX7t3MpVd_pan,0
IDLFnxZdIRqAxI_boil,0
IDLFnxZdIRqAxI_pan,0
IDLHY6K77bSVERJb_boil,0
IDLHY6K77bSVERJb_pan,0
IDLM7WrW5LOw0JE42_boil,0
IDLM7WrW5LOw0JE42_pan,0
IDLMOoYDz9M8N_boil,0
IDLMOoYDz9M8N_pan,0
IDLN4CraOUqR9_boil,0
IDLN4CraOUqR9_pan,0
IDLSX0gkiL15_boil,0
IDLSX0gkiL15_pan,0
IDLU0exqD_boil,0
IDLU0exqD_pan,0
IDLVYKB1P_boil,0
IDLVYKB1P_pan,0
IDLarIQ0CA16_boil,0
IDLarIQ0CA16_pan,0
IDLav1R_boil,0
IDLav1R_pan,0
IDLesHQ_boil,0
IDLesHQ_pan,0
IDLgse7l8nBf0_boil,0
IDLgse7l8nBf0_pan,0
IDLjn1l8c_boil,0
IDLjn1l8c_pan,0
IDLon5uvygjfKg_boil,0
IDLon5uvygjfKg_pan,0
IDLuRayCZLN2OnTt_boil,0
IDLuRayCZLN2OnTt_pan,0
IDLwNWXtY_boil,0
IDLwNWXtY_pan,0
IDM230xets_boil,0
IDM230xets_pan,0
IDM2qQtF5Nuxvq_boil,0
IDM2qQtF5Nuxvq_pan,0
IDM3KBbS465Eej_boil,0
IDM3KBbS465Eej_pan,0
IDM51Yxqc5J6HMZuX_boil,0
IDM51Yxqc5J6HMZuX_pan,0
IDM9BLAbWdbSgTN7_boil,0
IDM9BLAbWdbSgTN7_pan,0
IDMGiM3AsZNFO8w5_boil,0
IDMGiM3AsZNFO8w5_pan,0
IDMGuoBeQvwgY9KM0_boil,0
IDMGuoBeQvwgY9KM0_pan,0
IDMGv0j4OanVo8y_boil,0
IDMGv0j4OanVo8y_pan,0
IDMKQzV7p_boil,0
IDMKQzV7p_pan,0
IDML2yL_boil,0
IDML2yL_pan,0
IDMNmCxlLPoPx_boil,0
IDMNmCxlLPoPx_pan,0
IDMQXs48kD6zgII3_boil,0
IDMQXs48kD6zgII3_pan,0
IDMR2NnOOJK9v_boil,0
IDMR2NnOOJK9v_pan,0
IDMTCM6VND5g1tx_boil,0
IDMTCM6VND5g1tx_pan,0
IDMUYJWk7qeED_boil,0
IDMUYJWk7qeED_pan,0
IDMZx0L_boil,0
IDMZx0L_pan,0
IDMblBvBq2RONQv11_boil,0
IDMblBvBq2RONQv11_pan,0
IDMcPyJnQ_boil,0
IDMcPyJnQ_pan,0
IDMcpx6mjEjJT_boil,0
IDMcpx6mjEjJT_pan,0
IDMdVbIPkq_boil,0
IDMdVbIPkq_pan,0
IDMdli49mBg5uZud_boil,0
IDMdli49mBg5uZud_pan,0
IDMj9QZSf0wo_boil,0
IDMj9QZSf0wo_pan,0
IDMkxko_boil,0
IDMkxko_pan,0
IDMtX7L_boil,0
IDMtX7L_pan,0
IDMxDFck_boil,0
IDMxDFck_pan,0
IDMxaHDh_boil,0
IDMxaHDh_pan,0
IDMzjzfm9zDRx_boil,0
IDMzjzfm9zDRx_pan,0
IDN1cCi_boil,0
IDN1cCi_pan,0
IDN3VLbRB_boil,0
IDN3VLbRB_pan,0
IDN5iKVxB_boil,0
IDN5iKVxB_pan,0
IDNB13Sq0_boil,0
IDNB13Sq0_pan,0
IDNBjVC8SxqDkIWf_boil,0
IDNBjVC8SxqDkIWf_pan,0
IDNCrauw_boil,0
IDNCrauw_pan,0
IDNDx1HtBlb3hK_boil,0
IDNDx1HtBlb3hK_pan,0
IDNIPm4e5_boil,0
IDNIPm4e5_pan,0
IDNK9ZcQaleKeH3M_boil,0
IDNK9ZcQaleKeH3M_pan,0
IDNNe7rtayXqPyD_boil,0
IDNNe7rtayXqPyD_pan,0
IDNOkVPbjqkOaE4_boil,0
IDNOkVPbjqkOaE4_pan,0
IDNPNs0vbRQ9Bnc_boil,0
IDNPNs0vbRQ9Bnc_pan,0
IDNPUOLqoTeRnP_boil,0
IDNPUOLqoTeRnP_pan,0
IDNPnuenHZFlXb5O8_boil,0
IDNPnuenHZFlXb5O8_pan,0
IDNSCnqUC9XmOCm_boil,0
IDNSCnqUC9XmOCm_pan,0
IDNXDxhOyEQBn28n_boil,0
IDNXDxhOyEQBn28n_pan,0
IDNXKJf7_boil,0
IDNXKJf7_pan,0
IDNXvdJz7W1_boil,0
IDNXvdJz7W1_pan,0
IDNbaHZfQfK_boil,0
IDNbaHZfQfK_pan,0
IDNcYErXJyR_boil,0
IDNcYErXJyR_pan,0
IDNg4JnI5aXKFDL_boil,0
IDNg4JnI5aXKFDL_pan,0
IDNhI1pLC_boil,0
IDNhI1pLC_pan,0
IDNit7il1k_boil,0
IDNit7il1k_pan,0
IDNmw1aq_boil,0
IDNmw1aq_pan,0
IDNvVkeJvG5Mu0e_boil,0
IDNvVkeJvG5Mu0e_pan,0
IDNz5ndBpJSUJC_boil,0
IDNz5ndBpJSUJC_pan,0
IDO3Nbs4Cgz_boil,0
IDO3Nbs4Cgz_pan,0
IDO3YczvTG_boil,0
IDO3YczvTG_pan,0
IDO7uXl1qf_boil,0
IDO7uXl1qf_pan,0
IDO8ardH2SCCEh_boil,0
IDO8ardH2SCCEh_pan,0
IDOE1T3uLBCe_boil,0
IDOE1T3uLBCe_pan,0
IDOFTIAH2rIRD_boil,0
IDOFTIAH2rIRD_pan,0
IDOFiblI7dE1tt_boil,0
IDOFiblI7dE1tt_pan,0
IDOIUJna2m1kHIpz_boil,0
IDOIUJna2m1kHIpz_pan,0
IDOIZqkNpG_boil,0
IDOIZqkNpG_pan,0
IDOJdQwe0Jn_boil,0
IDOJdQwe0Jn_pan,0
IDOL2x4vzHo2t_boil,0
IDOL2x4vzHo2t_pan,0
IDOSil7QbG_boil,0
IDOSil7QbG_pan,0
IDOTvWB_boil,0
IDOTvWB_pan,0
IDOWmr0Gc1_boil,0
IDOWmr0Gc1_pan,0
IDOXsvq4GzS6AyJbf_boil,0
IDOXsvq4GzS6AyJbf_pan,0
IDOYY22kAh5G0T_boil,0
IDOYY22kAh5G0T_pan,0
IDOc9ZSO1x3gF81_boil,0
IDOc9ZSO1x3gF81_pan,0
IDOddsmtY_boil,0
IDOddsmtY_pan,0
IDOgPWC_boil,0
IDOgPWC_pan,0
IDOmSQpfls_boil,0
IDOmSQpfls_pan,0
IDP4AcJ_boil,0
IDP4AcJ_pan,0
IDP62tlw063_boil,0
IDP62tlw063_pan,0
IDP6Pfy3G_boil,0
IDP6Pfy3G_pan,0
IDP8yPZ_boil,0
IDP8yPZ_pan,0
IDP9rc6Hpu_boil,0
IDP9rc6Hpu_pan,0
IDPCQNAYWKeNW_boil,0
IDPCQNAYWKeNW_pan,0
IDPEzqtTD031h_boil,0
IDPEzqtTD031h_pan,0
IDPHtAoYIkGvT_boil,0
IDPHtAoYIkGvT_pan,0
IDPNeUgh8WbDfK_boil,0
IDPNeUgh8WbDfK_pan,0
IDPSX04HF_boil,0
IDPSX04HF_pan,0
IDPSxbXW5tPnM_boil,0
IDPSxbXW5tPnM_pan,0
IDPdzEzd4MjJwC_boil,0
IDPdzEzd4MjJwC_pan,0
IDPokFP_boil,0
IDPokFP_pan,0
IDPsGUFxHtTUZ_boil,0
IDPsGUFxHtTUZ_pan,0
IDPtql7rXD_boil,0
IDPtql7rXD_pan,0
IDPtwO0d4Ta_boil,0
IDPtwO0d4Ta_pan,0
IDPua0q_boil,0
IDPua0q_pan,0
IDQ2qFEDWOCT_boil,0
IDQ2qFEDWOCT_pan,0
IDQ41Nw0R9o9kX4_boil,0
IDQ41Nw0R9o9kX4_pan,0
IDQ5RlAY_boil,0
IDQ5RlAY_pan,0
IDQ6GBCrQCnU68qGR_boil,0
IDQ6GBCrQCnU68qGR_pan,0
IDQ8I5cc6_boil,0
IDQ8I5cc6_pan,0
IDQB0WEU30ws_boil,0
IDQB0WEU30ws_pan,0
IDQBFMVT1AtcPzZ_boil,0
IDQBFMVT1AtcPzZ_pan,0
IDQFWf23PpUc_boil,0
IDQFWf23PpUc_pan,0
IDQGrKKR_boil,0
IDQGrKKR_pan,0
IDQP5NDegX_boil,0
IDQP5NDegX_pan,0
IDQTwuOnn9C_boil,0
IDQTwuOnn9C_pan,0
IDQW59NVLvUfAXt_boil,0
IDQW59NVLvUfAXt_pan,0
IDQbcNyo9HWRLA_boil,0
IDQbcNyo9HWRLA_pan,0
IDQdwNuYup_boil,0
IDQdwNuYup_pan,0
IDQm5eRSAdG0sB_boil,0
IDQm5eRSAdG0sB_pan,0
IDQr5AXcM3eN_boil,0
IDQr5AXcM3eN_pan,0
IDQtwjxiGA2Ou1K_boil,0
IDQtwjxiGA2Ou1K_pan,0
IDR07XaHK_boil,0
IDR07XaHK_pan,0
IDR5ILztiEWJcobS_boil,0
IDR5ILztiEWJcobS_pan,0
IDR6SAyLmh3JLx_boil,0
IDR6SAyLmh3JLx_pan,0
IDR7dlqS22CCf_boil,0
IDR7dlqS22CCf_pan,0
IDR8udMWlWb_boil,0
IDR8udMWlWb_pan,0
IDR8wCZ4yd2_boil,0
IDR8wCZ4yd2_pan,0
IDR9jPd9v0d_boil,0
IDR9jPd9v0d_pan,0
IDRBIFU0izv_boil,0
IDRBIFU0izv_pan,0
IDRKqDqTuG_boil,0
IDRKqDqTuG_pan,0
IDRP8faSjvnI_boil,0
IDRP8faSjvnI_pan,0
IDRYuoNRdkfNf_boil,0
IDRYuoNRdkfNf_pan,0
IDRZeavYJg_boil,0
IDRZeavYJg_pan,0
IDRaO6YRAwASlUJV_boil,0
IDRaO6YRAwASlUJV_pan,0
IDRghDoQ9FtuYcwdt_boil,0
IDRghDoQ9FtuYcwdt_pan,0
IDRl5a2wEx6OGQqT_boil,0
IDRl5a2wEx6OGQqT_pan,0
IDRnq8X_boil,0
IDRnq8X_pan,0
IDRppqUhXT2Mn0R_boil,0
IDRppqUhXT2Mn0R_pan,0
IDRrUW3ndT_boil,0
IDRrUW3ndT_pan,0
IDRu1SeBHN6_boil,0
IDRu1SeBHN6_pan,0
IDRvu7vt2zBrN_boil,0
IDRvu7vt2zBrN_pan,0
IDRxZ6XtPbRK_boil,0
IDRxZ6XtPbRK_pan,0
IDRyt3zB02d_boil,0
IDRyt3zB02d_pan,0
IDS0NVw_boil,0
IDS0NVw_pan,0
IDS1IvSdbtq6_boil,0
IDS1IvSdbtq6_pan,0
IDSAQZD_boil,0
IDSAQZD_pan,0
IDSDUpCbwxJ_boil,0
IDSDUpCbwxJ_pan,0
IDSDiLo_boil,0
IDSDiLo_pan,0
IDSGQS7xL_boil,0
IDSGQS7xL_pan,0
IDSH4cGXPoVxLc9K_boil,0
IDSH4cGXPoVxLc9K_pan,0
IDSIXGFQie_boil,0
IDSIXGFQie_pan,0
IDSLtdw20_boil,0
IDSLtdw20_pan,0
IDSV1kLo6kBJ_boil,0
IDSV1kLo6kBJ_pan,0
IDSiRPkvdN_boil,0
IDSiRPkvdN_pan,0
IDSqDYsSoktFjiqV_boil,0
IDSqDYsSoktFjiqV_pan,0
IDSssfpXj_boil,0
IDSssfpXj_pan,0
IDT7IaaxIhflo_boil,0
IDT7IaaxIhflo_pan,0
IDT83T5_boil,0
IDT83T5_pan,0
IDT87CiQ2Gfe_boil,0
IDT87CiQ2Gfe_pan,0
IDT8VhBAnWjz_boil,0
IDT8VhBAnWjz_pan,0
IDTDNbFrMf_boil,0
IDTDNbFrMf_pan,0
IDTIjrqfEdiCaW_boil,0
IDTIjrqfEdiCaW_pan,0
IDTN2z0wqOEjF_boil,0
IDTN2z0wqOEjF_pan,0
IDTOPKMFrhJfGR_boil,0
IDTOPKMFrhJfGR_pan,0
IDTSRmb04zp8jw_boil,0
IDTSRmb04zp8jw_pan,0
IDTc5vCuKREEbT51q_boil,0
IDTc5vCuKREEbT51q_pan,0
IDTn4HXmUw_boil,0
IDTn4HXmUw_pan,0
IDTnZIAEKy5_boil,0
IDTnZIAEKy5_pan,0
IDTrFruRkTs5_boil,0
IDTrFruRkTs5_pan,0
IDTtkznFNr_boil,0
IDTtkznFNr_pan,0
IDU15pFXGPoW_boil,0
IDU15pFXGPoW_pan,0
IDUDizwHAA5Vpq_boil,0
IDUDizwHAA5Vpq_pan,0
IDUEOvkdd0Io_boil,0
IDUEOvkdd0Io_pan,0
IDUJK61tWJzl_boil,0
IDUJK61tWJzl_pan,0
IDUR1hGQJ8n_boil,0
IDUR1hGQJ8n_pan,0
IDURAmRpwd_boil,0
IDURAmRpwd_pan,0
IDUTofzTK1ryH4h_boil,0
IDUTofzTK1ryH4h_pan,0
IDUaqgsF_boil,0
IDUaqgsF_pan,0
IDUdmIO5gHk7Xe_boil,0
IDUdmIO5gHk7Xe_pan,0
IDUekYdA_boil,0
IDUekYdA_pan,0
IDUh6ZDfY0zoo_boil,0
IDUh6ZDfY0zoo_pan,0
IDUu0vUQVXbU83_boil,0
IDUu0vUQVXbU83_pan,0
IDUxMGJXV7GZm_boil,0
IDUxMGJXV7GZm_pan,0
IDUzf7o00ZjNPbTiv_boil,0
IDUzf7o00ZjNPbTiv_pan,0
IDV2gsvkl7R0sE7_boil,0
IDV2gsvkl7R0sE7_pan,0
IDV7gvduUgEi5M8oc_boil,0
IDV7gvduUgEi5M8oc_pan,0
IDVELYhWJK_boil,0
IDVELYhWJK_pan,0
IDVEbPX_boil,0
IDVEbPX_pan,0
IDVF47p_boil,0
IDVF47p_pan,0
IDVMVK7_boil,0
IDVMVK7_pan,0
IDVPgPc_boil,0
IDVPgPc_pan,0
IDVaNpYs6Zp_boil,0
IDVaNpYs6Zp_pan,0
IDVb1j8d88xhvBA_boil,0
IDVb1j8d88xhvBA_pan,0
IDVq7VTunmtGwrtF_boil,0
IDVq7VTunmtGwrtF_pan,0
IDVqRUdxPBpLKmQ4K_boil,0
IDVqRUdxPBpLKmQ4K_pan,0
IDW34B7t_boil,0
IDW34B7t_pan,0
IDW7TVj_boil,0
IDW7TVj_pan,0
IDWCt8Biy_boil,0
IDWCt8Biy_pan,0
IDWGxShwaJ_boil,0
IDWGxShwaJ_pan,0
IDWHF8jl0L_boil,0
IDWHF8jl0L_pan,0
IDWLI46_boil,0
IDWLI46_pan,0
IDWOLJMH4f_boil,0
IDWOLJMH4f_pan,0
IDWYEyNsJlDExB_boil,0
IDWYEyNsJlDExB_pan,0
IDWfePLzOkYTdimsm_boil,0
IDWfePLzOkYTdimsm_pan,0
IDWhbT1AT25O_boil,0
IDWhbT1AT25O_pan,0
IDWiWm800duFh7_boil,0
IDWiWm800duFh7_pan,0
IDWkYgKd_boil,0
IDWkYgKd_pan,0
IDWnid30JA_boil,0
IDWnid30JA_pan,0
IDWtgOChoTn2_boil,0
IDWtgOChoTn2_pan,0
IDWuHnrZmPf_boil,0
IDWuHnrZmPf_pan,0
IDWzeosZ4RCi7_boil,0
IDWzeosZ4RCi7_pan,0
IDX2OYwG6O_boil,0
IDX2OYwG6O_pan,0
IDX2UG8S_boil,0
IDX2UG8S_pan,0
IDX4m3o2iFM_boil,0
IDX4m3o2iFM_pan,0
IDX6cto4_boil,0
IDX6cto4_pan,0
IDX7Hs6a_boil,0
IDX7Hs6a_pan,0
IDXNdrffCsUhRj7_boil,0
IDXNdrffCsUhRj7_pan,0
IDXWZyfmm_boil,0
IDXWZyfmm_pan,0
IDXXWSuwi9cvXt2_boil,0
IDXXWSuwi9cvXt2_pan,0
IDXeBC1VjX9Pk_boil,0
IDXeBC1VjX9Pk_pan,0
IDXgbGo3riFccPE_boil,0
IDXgbGo3riFccPE_pan,0
IDXhyOwV9lo_boil,0
IDXhyOwV9lo_pan,0
IDXoC8di_boil,0
IDXoC8di_pan,0
IDXpPETQFaK_boil,0
IDXpPETQFaK_pan,0
IDXuG624loGbFu6_boil,0
IDXuG624loGbFu6_pan,0
IDXunnia_boil,0
IDXunnia_pan,0
IDYBHOJ5I5sckSWb_boil,0
IDYBHOJ5I5sckSWb_pan,0
IDYBLYIW71Ao_boil,0
IDYBLYIW71Ao_pan,0
IDYENI6ajzB_boil,0
IDYENI6ajzB_pan,0
IDYEfIRfa_boil,0
IDYEfIRfa_pan,0
IDYMT6kLdc0oBu_boil,0
IDYMT6kLdc0oBu_pan,0
IDYNMDq5fwu9buDG_boil,0
IDYNMDq5fwu9buDG_pan,0
IDYW9E59Ef_boil,0
IDYW9E59Ef_pan,0
IDYXzODPAYgqZ_boil,0
IDYXzODPAYgqZ_pan,0
IDYcT5y2rpH5DO_boil,0
IDYcT5y2rpH5DO_pan,0
IDYkLwvKT_boil,0
IDYkLwvKT_pan,0
IDYloKm9XUUPl_boil,0
IDYloKm9XUUPl_pan,0
IDYpgNkcbSP_boil,0
IDYpgNkcbSP_pan,0
IDYq0OUOK6y_boil,0
IDYq0OUOK6y_pan,0
IDYqIgpXtJCuVvbGl_boil,0
IDYqIgpXtJCuVvbGl_pan,0
IDYtIJpLN_boil,0
IDYtIJpLN_pan,0
IDYu4Bjcr_boil,0
IDYu4Bjcr_pan,0
IDYuGckz4_boil,0
IDYuGckz4_pan,0
IDYwRcFyDIV_boil,0
IDYwRcFyDIV_pan,0
IDYxUNqRlmQWRZe_boil,0
IDYxUNqRlmQWRZe_pan,0
IDYz8Gg5e_boil,0
IDYz8Gg5e_pan,0
IDZAwjE8iN_boil,0
IDZAwjE8iN_pan,0
IDZHnfQAnD7sjQ7I_boil,0
IDZHnfQAnD7sjQ7I_pan,0
IDZKr2HG8RGBS_boil,0
IDZKr2HG8RGBS_pan,0
IDZLv0NDsG2Y_boil,0
IDZLv0NDsG2Y_pan,0
IDZSMIRevRSb_boil,0
IDZSMIRevRSb_pan,0
IDZUgiT8OeVNdNKLk_boil,0
IDZUgiT8OeVNdNKLk_pan,0
IDZVslW8B93_boil,0
IDZVslW8B93_pan,0
IDZXVJV9peTT3_boil,0
IDZXVJV9peTT3_pan,0
IDZZLbrx3WOj_boil,0
IDZZLbrx3WOj_pan,0
IDZadFtQucj_boil,0
IDZadFtQucj_pan,0
IDZenoO_boil,0
IDZenoO_pan,0
IDZg4NulLYTp91M_boil,0
IDZg4NulLYTp91M_pan,0
IDZqFAme59_boil,0
IDZqFAme59_pan,0
IDZqnZNx_boil,0
IDZqnZNx_pan,0
IDZwgfzvaQiFnG_boil,0
IDZwgfzvaQiFnG_pan,0
IDa1IDStO7AWx_boil,0
IDa1IDStO7AWx_pan,0
IDa9no02Dru_boil,0
IDa9no02Dru_pan,0
IDaA6yp6eKrTx_boil,0
IDaA6yp6eKrTx_pan,0
IDaE3zzt3_boil,0
IDaE3zzt3_pan,0
IDaGRuLXguf8_boil,0
IDaGRuLXguf8_pan,0
IDaV9wUEtq_boil,0
IDaV9wUEtq_pan,0
IDaYlH0sN_boil,0
IDaYlH0sN_pan,0
IDaZaB2Qs_boil,0
IDaZaB2Qs_pan,0
IDalTx5mDvBvbi6_boil,0
IDalTx5mDvBvbi6_pan,0
IDamhqdEz_boil,0
IDamhqdEz_pan,0
IDaqCww8DAlE_boil,0
IDaqCww8DAlE_pan,0
IDatWJwmZ0DB_boil,0
IDatWJwmZ0DB_pan,0
IDavDU3L6bSdro_boil,0
IDavDU3L6bSdro_pan,0
IDazb2lUN99weo_boil,0
IDazb2lUN99weo_pan,0
IDb01j9ZD8s06_boil,0
IDb01j9ZD8s06_pan,0
IDb2KVFyac_boil,0
IDb2KVFyac_pan,0
IDb9lDmHhHQCO78q_boil,0
IDb9lDmHhHQCO78q_pan,0
IDbD1omSlkidV_boil,0
IDbD1omSlkidV_pan,0
IDbDEFEt_boil,0
IDbDEFEt_pan,0
IDbJX0Hx52ah_boil,0
IDbJX0Hx52ah_pan,0
IDbLiUSzgkCkcy5_boil,0
IDbLiUSzgkCkcy5_pan,0
IDbR7xPNyhiD_boil,0
IDbR7xPNyhiD_pan,0
IDbWrojSSTeTJ_boil,0
IDbWrojSSTeTJ_pan,0
IDbXOnSO2Rn195LHi_boil,0
IDbXOnSO2Rn195LHi_pan,0
IDbY0sRcU2_boil,0
IDbY0sRcU2_pan,0
IDbcYP7h6wmvGT_boil,0
IDbcYP7h6wmvGT_pan,0
IDbkIxCkq1Gcbd_boil,0
IDbkIxCkq1Gcbd_pan,0
IDbq9826k0PN1mj_boil,0
IDbq9826k0PN1mj_pan,0
IDbt9gz_boil,0
IDbt9gz_pan,0
IDc1OSCfll_boil,0
IDc1OSCfll_pan,0
IDc2PPfBB_boil,0
IDc2PPfBB_pan,0
IDcB06ugrzp_boil,0
IDcB06ugrzp_pan,0
IDcBdm0xGWi6La_boil,0
IDcBdm0xGWi6La_pan,0
IDcIGfvBad_boil,0
IDcIGfvBad_pan,0
IDcMgMwgrQZ_boil,0
IDcMgMwgrQZ_pan,0
IDcN2Qip6Mtjbtqf1_boil,0
IDcN2Qip6Mtjbtqf1_pan,0
IDcQ6PX7tU57og_boil,0
IDcQ6PX7tU57og_pan,0
IDcRklmiqe2lnR_boil,0
IDcRklmiqe2lnR_pan,0
IDcSTQJA_boil,0
IDcSTQJA_pan,0
IDcT2eDuFEjN_boil,0
IDcT2eDuFEjN_pan,0
IDcUhNwYOtFH77LQv_boil,0
IDcUhNwYOtFH77LQv_pan,0
IDcWSNedOTWNTG_boil,0
IDcWSNedOTWNTG_pan,0
IDcWc5K7c_boil,0
IDcWc5K7c_pan,0
IDca05Iof6T2k1j1H_boil,0
IDca05Iof6T2k1j1H_pan,0
IDcgCI6bzWx_boil,0
IDcgCI6bzWx_pan,0
IDchMx6_boil,0
IDchMx6_pan,0
IDcmg7gZ92I53q_boil,0
IDcmg7gZ92I53q_pan,0
IDcqqsVa5qUBZR3_boil,0
IDcqqsVa5qUBZR3_pan,0
IDcvc4Not6B_boil,0
IDcvc4Not6B_pan,0
IDcw9GAC4_boil,0
IDcw9GAC4_pan,0
IDcwzfJ43NsHUd_boil,0
IDcwzfJ43NsHUd_pan,0
IDcyvRo0jdDRGvw_boil,0
IDcyvRo0jdDRGvw_pan,0
IDd2BK4_boil,0
IDd2BK4_pan,0
IDd9jlgeyx2jztVi_boil,0
IDd9jlgeyx2jztVi_pan,0
IDdCLWAeLA5_boil,0
IDdCLWAeLA5_pan,0
IDdJ5Mx1Da_boil,0
IDdJ5Mx1Da_pan,0
IDdJgpza52_boil,0
IDdJgpza52_pan,0
IDdNEfKyWvldY_boil,0
IDdNEfKyWvldY_pan,0
IDdOkSdRQnvacrgmc_boil,0
IDdOkSdRQnvacrgmc_pan,0
IDdSc1XNcw_boil,0
IDdSc1XNcw_pan,0
IDdVW0vLk2_boil,0
IDdVW0vLk2_pan,0
IDdXZDqE45_boil,0
IDdXZDqE45_pan,0
IDdbECLRkhBs2CVyl_boil,0
IDdbECLRkhBs2CVyl_pan,0
IDdg5nrflocQ1_boil,0
IDdg5nrflocQ1_pan,0
IDdiMQo63_boil,0
IDdiMQo63_pan,0
IDdjUTm9nGY_boil,0
IDdjUTm9nGY_pan,0
IDdkbOy8W1_boil,0
IDdkbOy8W1_pan,0
IDdmhFLqMfRdKp_boil,0
IDdmhFLqMfRdKp_pan,0
IDdoaRB_boil,0
IDdoaRB_pan,0
IDdpmc5SF_boil,0
IDdpmc5SF_pan,0
IDdpxAjbvs_boil,0
IDdpxAjbvs_pan,0
IDdtDlMEQkrkb_boil,0
IDdtDlMEQkrkb_pan,0
IDdxtX5nyTm5yZm_boil,0
IDdxtX5nyTm5yZm_pan,0
IDe2DyMFSd_boil,0
IDe2DyMFSd_pan,0
IDe6Qw0xdA8wep_boil,0
IDe6Qw0xdA8wep_pan,0
IDe79DfL9dI9H6_boil,0
IDe79DfL9dI9H6_pan,0
IDe8WeO9_boil,0
IDe8WeO9_pan,0
IDeBWFhgDoovGq5v_boil,0
IDeBWFhgDoovGq5v_pan,0
IDeDtyP8_boil,0
IDeDtyP8_pan,0
IDeDyorf_boil,0
IDeDyorf_pan,0
IDeNQFA9PDuwO6_boil,0
IDeNQFA9PDuwO6_pan,0
IDeO7U85AcVvELt_boil,0
IDeO7U85AcVvELt_pan,0
IDeR6r4xk5_boil,0
IDeR6r4xk5_pan,0
IDeTD5SBL_boil,0
IDeTD5SBL_pan,0
IDehALBezgA_boil,0
IDehALBezgA_pan,0
IDehIqzoS53TfNsJ_boil,0
IDehIqzoS53TfNsJ_pan,0
IDeioFIPOnDoo_boil,0
IDeioFIPOnDoo_pan,0
IDemRFx0toPvzm2o_boil,0
IDemRFx0toPvzm2o_pan,0
IDeqaCjERp_boil,0
IDeqaCjERp_pan,0
IDeqyrqqM_boil,0
IDeqyrqqM_pan,0
IDesLAt_boil,0
IDesLAt_pan,0
IDewOvHBc_boil,0
IDewOvHBc_pan,0
IDexcDeBzqKIP_boil,0
IDexcDeBzqKIP_pan,0
IDf4lC21rIcYDl84L_boil,0
IDf4lC21rIcYDl84L_pan,0
IDf59QeKci_boil,0
IDf59QeKci_pan,0
IDfBp593KKcj_boil,0
IDfBp593KKcj_pan,0
IDfHB03By_boil,0
IDfHB03By_pan,0
IDfHtOTOCG2V3lc1_boil,0
IDfHtOTOCG2V3lc1_pan,0
IDfPVsEKkwHy_boil,0
IDfPVsEKkwHy_pan,0
IDfZiMG9FwcwX7f_boil,0
IDfZiMG9FwcwX7f_pan,0
IDfb1VygIPlC3A_boil,0
IDfb1VygIPlC3A_pan,0
IDfhtA2AH_boil,0
IDfhtA2AH_pan,0
IDfjjxFQEmkaKd_boil,0
IDfjjxFQEmkaKd_pan,0
IDfoh2BbM6k6Ltth1_boil,0
IDfoh2BbM6k6Ltth1_pan,0
IDfyqpN71oX5i_boil,0
IDfyqpN71oX5i_pan,0
IDg2f6R8YHKW10_boil,0
IDg2f6R8YHKW10_pan,0
IDgD25Jwes6_boil,0
IDgD25Jwes6_pan,0
IDgJwOwX7Gx_boil,0
IDgJwOwX7Gx_pan,0
IDgJwPTt_boil,0
IDgJwPTt_pan,0
IDgLRhwfNmN_boil,0
IDgLRhwfNmN_pan,0
IDgPMfQg_boil,0
IDgPMfQg_pan,0
IDgPUmJvPRcKt7h_boil,0
IDgPUmJvPRcKt7h_pan,0
IDgRFe33jSDT_boil,0
IDgRFe33jSDT_pan,0
IDgRXG9MiR7hG5_boil,0
IDgRXG9MiR7hG5_pan,0
IDga0A3FC2yjKe_boil,0
IDga0A3FC2yjKe_pan,0
IDgics9_boil,0
IDgics9_pan,0
IDgjZNMt4Uv_boil,0
IDgjZNMt4Uv_pan,0
IDgnnxMl_boil,0
IDgnnxMl_pan,0
IDgvyifcLumNIo_boil,0
IDgvyifcLumNIo_pan,0
IDgx6TeI2nAOvv_boil,0
IDgx6TeI2nAOvv_pan,0
IDh0WT4tLPMow_boil,0
IDh0WT4tLPMow_pan,0
IDh3spvR6w2f_boil,0
IDh3spvR6w2f_pan,0
IDh7QpDXdppTnhXm7_boil,0
IDh7QpDXdppTnhXm7_pan,0
IDh8QdLyACM2oOTtM_boil,0
IDh8QdLyACM2oOTtM_pan,0
IDhFdm4g8b_boil,0
IDhFdm4g8b_pan,0
IDhGsx0Xy0kpScIH7_boil,0
IDhGsx0Xy0kpScIH7_pan,0
IDhHxnji3MiXO3n_boil,0
IDhHxnji3MiXO3n_pan,0
IDhNHoBofr_boil,0
IDhNHoBofr_pan,0
IDhQbMLoK_boil,0
IDhQbMLoK_pan,0
IDhnxCqQE_boil,0
IDhnxCqQE_pan,0
IDhpHJgx78k59U_boil,0
IDhpHJgx78k59U_pan,0
IDhpXhW3G8HNQ_boil,0
IDhpXhW3G8HNQ_pan,0
IDi0TPtB7Oxl_boil,0
IDi0TPtB7Oxl_pan,0
IDi3gpGmGzS_boil,0
IDi3gpGmGzS_pan,0
IDi4lmEl_boil,0
IDi4lmEl_pan,0
IDi7GbZBxQzhRSCa_boil,0
IDi7GbZBxQzhRSCa_pan,0
IDiCnbnsKP4VX_boil,0
IDiCnbnsKP4VX_pan,0
IDiHUEa7vw_boil,0
IDiHUEa7vw_pan,0
IDiK140_boil,0
IDiK140_pan,0
IDiK7pAHf8UkwO_boil,0
IDiK7pAHf8UkwO_pan,0
IDiN6w5_boil,0
IDiN6w5_pan,0
IDiR294r2KvPj_boil,0
IDiR294r2KvPj_pan,0
IDiTxlY6rJd01Gy0v_boil,0
IDiTxlY6rJd01Gy0v_pan,0
IDiYvYK16iU_boil,0
IDiYvYK16iU_pan,0
IDiZDQ2wZ_boil,0
IDiZDQ2wZ_pan,0
IDiegPLhfMs_boil,0
IDiegPLhfMs_pan,0
IDig9giw0C_boil,0
IDig9giw0C_pan,0
IDisV8b2_boil,0
IDisV8b2_pan,0
IDiuNxfVp1jl_boil,0
IDiuNxfVp1jl_pan,0
IDiuf5QgC_boil,0
IDiuf5QgC_pan,0
IDivSMJ1Md_boil,0
IDivSMJ1Md_pan,0
IDiyUFhRnXKXjtNx_boil,0
IDiyUFhRnXKXjtNx_pan,0
IDizGQwNSrYMftB_boil,0
IDizGQwNSrYMftB_pan,0
IDizu9pgTy_boil,0
IDizu9pgTy_pan,0
IDj2wByY7_boil,0
IDj2wByY7_pan,0
IDj7eB3fSQ8EoIzg_boil,0
IDj7eB3fSQ8EoIzg_pan,0
IDjAB4pmmuQQqJ_boil,0
IDjAB4pmmuQQqJ_pan,0
IDjBfEBujJL5qKavy_boil,0
IDjBfEBujJL5qKavy_pan,0
IDjDA6UhZ7_boil,0
IDjDA6UhZ7_pan,0
IDjHOF5DWk8_boil,0
IDjHOF5DWk8_pan,0
IDjJU6cmInWFDUY_boil,0
IDjJU6cmInWFDUY_pan,0
IDjNKiAGj_boil,0
IDjNKiAGj_pan,0
IDjSTBtSYUX8Ll_boil,0
IDjSTBtSYUX8Ll_pan,0
IDjSgprAT12eK9Fn_boil,0
IDjSgprAT12eK9Fn_pan,0
IDjWpAQhi9vQ_boil,0
IDjWpAQhi9vQ_pan,0
IDjbuqqRCaT5e2v_boil,0
IDjbuqqRCaT5e2v_pan,0
IDjfs57M6E_boil,0
IDjfs57M6E_pan,0
IDjnAx1yQ_boil,0
IDjnAx1yQ_pan,0
IDjq8HgS_boil,0
IDjq8HgS_pan,0
IDjuqSPl_boil,0
IDjuqSPl_pan,0
IDjwe9PLDuZw_boil,0
IDjwe9PLDuZw_pan,0
IDkBIxi8xMKNQuExC_boil,0
IDkBIxi8xMKNQuExC_pan,0
IDkDplaVILHxX3_boil,0
IDkDplaVILHxX3_pan,0
IDkFTOjrT_boil,0
IDkFTOjrT_pan,0
IDkFY0j5_boil,0
IDkFY0j5_pan,0
IDkK808TgvSJIs_boil,0
IDkK808TgvSJIs_pan,0
IDkNkmmTt22Xb_boil,0
IDkNkmmTt22Xb_pan,0
IDkR1Xzw0DZ0_boil,0
IDkR1Xzw0DZ0_pan,0
IDkRQEoXmj6Cce_boil,0
IDkRQEoXmj6Cce_pan,0
IDkRSactfW_boil,0
IDkRSactfW_pan,0
IDkWH4hS5iviJ3s_boil,0
IDkWH4hS5iviJ3s_pan,0
IDkbKjqi7yTko5_boil,0
IDkbKjqi7yTko5_pan,0
IDkcvXX_boil,0
IDkcvXX_pan,0
IDkeSQz_boil,0
IDkeSQz_pan,0
IDkiGw9TiTXsW6R_boil,0
IDkiGw9TiTXsW6R_pan,0
IDkjdTvFgeFJS_boil,0
IDkjdTvFgeFJS_pan,0
IDkjnOmI2j_boil,0
IDkjnOmI2j_pan,0
IDkoAD6EMa3fAafWy_boil,0
IDkoAD6EMa3fAafWy_pan,0
IDkr0bOGzItJ2NB_boil,0
IDkr0bOGzItJ2NB_pan,0
IDkrUclWabw5y80Dl_boil,0
IDkrUclWabw5y80Dl_pan,0
IDkrVt2VlhDn4_boil,0
IDkrVt2VlhDn4_pan,0
IDksZUMc3dXN_boil,0
IDksZUMc3dXN_pan,0
IDkwf3C5_boil,0
IDkwf3C5_pan,0
IDkwmB8HuVexEKyF_boil,0
IDkwmB8HuVexEKyF_pan,0
IDl1I6qKFB_boil,0
IDl1I6qKFB_pan,0
IDl2ikVSWYsIR4_boil,0
IDl2ikVSWYsIR4_pan,0
IDl61gpuwGuu2VBe6_boil,0
IDl61gpuwGuu2VBe6_pan,0
IDl8smcVY_boil,0
IDl8smcVY_pan,0
IDl8ztEn732s_boil,0
IDl8ztEn732s_pan,0
IDlCNybSlU_boil,0
IDlCNybSlU_pan,0
IDlDVXnnhQ_boil,0
IDlDVXnnhQ_pan,0
IDlHiU8WEhZh7qr6t_boil,0
IDlHiU8WEhZh7qr6t_pan,0
IDlKmmyiL_boil,0
IDlKmmyiL_pan,0
IDlPPpV6kQaB32S3V_boil,0
IDlPPpV6kQaB32S3V_pan,0
IDlUG5f_boil,0
IDlUG5f_pan,0
IDlebSazeuALRHXt_boil,0
IDlebSazeuALRHXt_pan,0
IDllJl34XIaiBwe0_boil,0
IDllJl34XIaiBwe0_pan,0
IDlt4mIpDekp_boil,0
IDlt4mIpDekp_pan,0
IDlvz0GPH0C_boil,0
IDlvz0GPH0C_pan,0
IDlyqsitfBaR6Ru2_boil,0
IDlyqsitfBaR6Ru2_pan,0
IDlz4WyHQB_boil,0
IDlz4WyHQB_pan,0
IDm1Clr2P_boil,0
IDm1Clr2P_pan,0
IDm2mR13_boil,0
IDm2mR13_pan,0
IDm5GhcKr5rQdFl_boil,0
IDm5GhcKr5rQdFl_pan,0
IDm75Ep_boil,0
IDm75Ep_pan,0
IDmFbhcwad_boil,0
IDmFbhcwad_pan,0
IDmG8Bpodi_boil,0
IDmG8Bpodi_pan,0
IDmGnaPs8o_boil,0
IDmGnaPs8o_pan,0
IDmPXoiaTL4S7Uo_boil,0
IDmPXoiaTL4S7Uo_pan,0
IDmPwMU1ne_boil,0
IDmPwMU1ne_pan,0
IDmT12RqHPlDRT_boil,0
IDmT12RqHPlDRT_pan,0
IDmXAQPZ9rnW_boil,0
IDmXAQPZ9rnW_pan,0
IDmYwz0cS1lm2C_boil,0
IDmYwz0cS1lm2C_pan,0
IDmeBiNPwUvvwlCl_boil,0
IDmeBiNPwUvvwlCl_pan,0
IDmj8aYANCdJ2GtkD_boil,0
IDmj8aYANCdJ2GtkD_pan,0
IDmjXZht_boil,0
IDmjXZht_pan,0
IDmjgW5VMiKo_boil,0
IDmjgW5VMiKo_pan,0
IDn2CgM4hNLqd_boil,0
IDn2CgM4hNLqd_pan,0
IDn33hkv9l_boil,0
IDn33hkv9l_pan,0
IDn5IY27NFFHWtbC_boil,0
IDn5IY27NFFHWtbC_pan,0
IDn5mFxsP_boil,0
IDn5mFxsP_pan,0
IDn6oUE_boil,0
IDn6oUE_pan,0
IDnEua1Or7Ea2EINQ_boil,0
IDnEua1Or7Ea2EINQ_pan,0
IDnNy14r_boil,0
IDnNy14r_pan,0
IDnO18dr_boil,0
IDnO18dr_pan,0
IDnSfoanh9W2wgV_boil,0
IDnSfoanh9W2wgV_pan,0
IDnWyBZSLNDnlmxj_boil,0
IDnWyBZSLNDnlmxj_pan,0
IDnXhqiW_boil,0
IDnXhqiW_pan,0
IDnYZYFu_boil,0
IDnYZYFu_pan,0
IDnaWRsMQ_boil,0
IDnaWRsMQ_pan,0
IDncjqKv_boil,0
IDncjqKv_pan,0
IDncyMJ6CPUKk_boil,0
IDncyMJ6CPUKk_pan,0
IDndqKV82N_boil,0
IDndqKV82N_pan,0
IDngO4Ulgq5pnLHyb_boil,0
IDngO4Ulgq5pnLHyb_pan,0
IDnh2KF2Y_boil,0
IDnh2KF2Y_pan,0
IDniOjLPvzs4ytFgi_boil,0
IDniOjLPvzs4ytFgi_pan,0
IDnlEQJK_boil,0
IDnlEQJK_pan,0
IDnqfrwYbKTt_boil,0
IDnqfrwYbKTt_pan,0
IDnwNUem9Lc_boil,0
IDnwNUem9Lc_pan,0
IDo38dQX13m0q_boil,0
IDo38dQX13m0q_pan,0
IDo7Dlz_boil,0
IDo7Dlz_pan,0
IDo9UjDh2nmQODo_boil,0
IDo9UjDh2nmQODo_pan,0
IDoKiyQLKiT02dzF_boil,0
IDoKiyQLKiT02dzF_pan,0
IDoMidCAbjZbARW_boil,0
IDoMidCAbjZbARW_pan,0
IDoNfFQdR7kT3_boil,0
IDoNfFQdR7kT3_pan,0
IDodmUfHR7xxgl_boil,0
IDodmUfHR7xxgl_pan,0
IDoeprI4i7_boil,0
IDoeprI4i7_pan,0
IDof7ipdYhr7B4_boil,0
IDof7ipdYhr7B4_pan,0
IDog3Zjaxi356_boil,0
IDog3Zjaxi356_pan,0
IDogkgKM0_boil,0
IDogkgKM0_pan,0
IDokxhXnYglKRho_boil,0
IDokxhXnYglKRho_pan,0
IDomKWNFwF_boil,0
IDomKWNFwF_pan,0
IDonT4uve3VKo_boil,0
IDonT4uve3VKo_pan,0
IDot2RX8dhbLfVZme_boil,0
IDot2RX8dhbLfVZme_pan,0
IDoubUTGdnbB_boil,0
IDoubUTGdnbB_pan,0
IDovCoyJvE9W_boil,0
IDovCoyJvE9W_pan,0
IDovJ5m9zj_boil,0
IDovJ5m9zj_pan,0
IDoz2zD8XP_boil,0
IDoz2zD8XP_pan,0
IDp2IAyunhJ_boil,0
IDp2IAyunhJ_pan,0
IDpKzs7hl_boil,0
IDpKzs7hl_pan,0
IDpLyja1aF6CAA_boil,0
IDpLyja1aF6CAA_pan,0
IDpOK6sc_boil,0
IDpOK6sc_pan,0
IDpQmHg4GI9_boil,0
IDpQmHg4GI9_pan,0
IDpTqTtN0_boil,0
IDpTqTtN0_pan,0
IDpWNz608Xu5Bhe_boil,0
IDpWNz608Xu5Bhe_pan,0
IDpcR3Ok9zung_boil,0
IDpcR3Ok9zung_pan,0
IDpdezTssxgSS_boil,0
IDpdezTssxgSS_pan,0
IDpe0w43fk_boil,0
IDpe0w43fk_pan,0
IDpeHIv8z6InmL_boil,0
IDpeHIv8z6InmL_pan,0
IDpgSpoSaUcis39Xg_boil,0
IDpgSpoSaUcis39Xg_pan,0
IDplaqa9cLUs2_boil,0
IDplaqa9cLUs2_pan,0
IDpoXR2waDWRxllsK_boil,0
IDpoXR2waDWRxllsK_pan,0
IDps9Rlw8KY2K_boil,0
IDps9Rlw8KY2K_pan,0
IDq4LBIjKt_boil,0
IDq4LBIjKt_pan,0
IDq6TzWIY4_boil,0
IDq6TzWIY4_pan,0
IDqAxxQNgi3mxXDoY_boil,0
IDqAxxQNgi3mxXDoY_pan,0
IDqCnyk_boil,0
IDqCnyk_pan,0
IDqJpOqa43sY_boil,0
IDqJpOqa43sY_pan,0
IDqPsj0d6Uk_boil,0
IDqPsj0d6Uk_pan,0
IDqVdXvjl5nREwaqd_boil,0
IDqVdXvjl5nREwaqd_pan,0
IDqi82j3pYZtHf_boil,0
IDqi82j3pYZtHf_pan,0
IDqlB8az1Dzy_boil,0
IDqlB8az1Dzy_pan,0
IDqrBREUcyQVN6_boil,0
IDqrBREUcyQVN6_pan,0
IDqte9ODA3_boil,0
IDqte9ODA3_pan,0
IDquL1eDUAbvl9x_boil,0
IDquL1eDUAbvl9x_pan,0
IDqzg0Q8ufL_boil,0
IDqzg0Q8ufL_pan,0
IDrFe0DG7Sq_boil,0
IDrFe0DG7Sq_pan,0
IDrJ07pYMJ_boil,0
IDrJ07pYMJ_pan,0
IDrKuQz_boil,0
IDrKuQz_pan,0
IDrKyYa_boil,0
IDrKyYa_pan,0
IDrY7xUZlsUqma_boil,0
IDrY7xUZlsUqma_pan,0
IDrdBKQeJgjPqGU_boil,0
IDrdBKQeJgjPqGU_pan,0
IDrfHCgwUhha_boil,0
IDrfHCgwUhha_pan,0
IDrfMCvagRMZph_boil,0
IDrfMCvagRMZph_pan,0
IDrmKjJKrAPg_boil,0
IDrmKjJKrAPg_pan,0
IDroDx6fYoq6_boil,0
IDroDx6fYoq6_pan,0
IDrtwWXmGTj47hHQR_boil,0
IDrtwWXmGTj47hHQR_pan,0
IDruHXPQ75ja5Lj_boil,0
IDruHXPQ75ja5Lj_pan,0
IDruqqh_boil,0
IDruqqh_pan,0
IDry34Mbivkc1VSmC_boil,0
IDry34Mbivkc1VSmC_pan,0
IDs37X1kP0rT9d0_boil,0
IDs37X1kP0rT9d0_pan,0
IDsHwcUOeDzSQak1N_boil,0
IDsHwcUOeDzSQak1N_pan,0
IDsOG08y9eUAxy3Up_boil,0
IDsOG08y9eUAxy3Up_pan,0
IDsOQBT_boil,0
IDsOQBT_pan,0
IDsPOUaO8brlYyh7_boil,0
IDsPOUaO8brlYyh7_pan,0
IDsPQJcM_boil,0
IDsPQJcM_pan,0
IDsSH8MJw1Zl8_boil,0
IDsSH8MJw1Zl8_pan,0
IDsTtStw7ClL51_boil,0
IDsTtStw7ClL51_pan,0
IDsXAXorCas_boil,0
IDsXAXorCas_pan,0
IDsbKXtH_boil,0
IDsbKXtH_pan,0
IDseuaqNRzBApqZNm_boil,0
IDseuaqNRzBApqZNm_pan,0
IDsgW6kr_boil,0
IDsgW6kr_pan,0
IDsgnmVUs0vwoFXf_boil,0
IDsgnmVUs0vwoFXf_pan,0
IDsjlzeZwt9OX7Ds_boil,0
IDsjlzeZwt9OX7Ds_pan,0
IDslthhJ74Nr_boil,0
IDslthhJ74Nr_pan,0
IDsmmlszwrIOa1ec_boil,0
IDsmmlszwrIOa1ec_pan,0
IDsyJNYUX7D9OkH_boil,0
IDsyJNYUX7D9OkH_pan,0
IDt5XJLCs_boil,0
IDt5XJLCs_pan,0
IDt5qy4XFg_boil,0
IDt5qy4XFg_pan,0
IDt9NAZB4bhgjmwz1_boil,0
IDt9NAZB4bhgjmwz1_pan,0
IDtESOKL97_boil,0
IDtESOKL97_pan,0
IDtFRvV3lnBOA0P_boil,0
IDtFRvV3lnBOA0P_pan,0
IDtRRMK6asXG_boil,0
IDtRRMK6asXG_pan,0
IDtRgU8DbJ_boil,0
IDtRgU8DbJ_pan,0
IDtTr5u_boil,0
IDtTr5u_pan,0
IDtUoEWg_boil,0
IDtUoEWg_pan,0
IDtakR7C1qgA_boil,0
IDtakR7C1qgA_pan,0
IDtbZygS7RxcwPmP_boil,0
IDtbZygS7RxcwPmP_pan,0
IDtcuISza4_boil,0
IDtcuISza4_pan,0
IDtcx4gHjGwzbWp_boil,0
IDtcx4gHjGwzbWp_pan,0
IDtjn7KaQcbEKXt9u_boil,0
IDtjn7KaQcbEKXt9u_pan,0
IDtnUUnsodeC_boil,0
IDtnUUnsodeC_pan,0
IDtoYiaG_boil,0
IDtoYiaG_pan,0
IDtpNh9KyjpR0_boil,0
IDtpNh9KyjpR0_pan,0
IDtrSK1WRpFHFQYra_boil,0
IDtrSK1WRpFHFQYra_pan,0
IDtwTuBNbQ0_boil,0
IDtwTuBNbQ0_pan,0
IDu1Doy9xRI3UQB_boil,0
IDu1Doy9xRI3UQB_pan,0
IDu5apnxKa5LUJ_boil,0
IDu5apnxKa5LUJ_pan,0
IDuAmrQZ_boil,0
IDuAmrQZ_pan,0
IDuBDefo_boil,0
IDuBDefo_pan,0
IDuE3lVYzp6vS_boil,0
IDuE3lVYzp6vS_pan,0
IDuIJHHYU_boil,0
IDuIJHHYU_pan,0
IDuMKMRjWVF_boil,0
IDuMKMRjWVF_pan,0
IDuMU6XX2F7zG_boil,0
IDuMU6XX2F7zG_pan,0
IDuOJrUhVIu_boil,0
IDuOJrUhVIu_pan,0
IDuPnautavhQhmIN_boil,0
IDuPnautavhQhmIN_pan,0
IDuSLpWVGBQg_boil,0
IDuSLpWVGBQg_pan,0
IDuTizVfqBVcUdaQg_boil,0
IDuTizVfqBVcUdaQg_pan,0
IDuWApNgxoWyh5p_boil,0
IDuWApNgxoWyh5p_pan,0
IDuYsQ8_boil,0
IDuYsQ8_pan,0
IDubMwUvv_boil,0
IDubMwUvv_pan,0
IDugkYt74t_boil,0
IDugkYt74t_pan,0
IDujIui6sIYl9wU_boil,0
IDujIui6sIYl9wU_pan,0
IDuqP8cwcNZzUXc9a_boil,0
IDuqP8cwcNZzUXc9a_pan,0
IDuxALuxH_boil,0
IDuxALuxH_pan,0
IDuzsyPCato_boil,0
IDuzsyPCato_pan,0
IDv0MLeS_boil,0
IDv0MLeS_pan,0
IDv2iUPs_boil,0
IDv2iUPs_pan,0
IDv5yvVvMdGcZoq_boil,0
IDv5yvVvMdGcZoq_pan,0
IDv8L46KoW1_boil,0
IDv8L46KoW1_pan,0
IDvD3ah6UFeumHaW_boil,0
IDvD3ah6UFeumHaW_pan,0
IDvDkajmUTfaoqS1f_boil,0
IDvDkajmUTfaoqS1f_pan,0
IDvDqkERR5_boil,0
IDvDqkERR5_pan,0
IDvWcYOdHhh6t_boil,0
IDvWcYOdHhh6t_pan,0
IDvcXA2_boil,0
IDvcXA2_pan,0
IDviDlOC_boil,0
IDviDlOC_pan,0
IDvu0zyIF5_boil,0
IDvu0zyIF5_pan,0
IDw64ahr3rCeG8mJ_boil,0
IDw64ahr3rCeG8mJ_pan,0
IDw8doIcZGJug_boil,0
IDw8doIcZGJug_pan,0
IDw8eqqoKuA6_boil,0
IDw8eqqoKuA6_pan,0
IDwAWAeun_boil,0
IDwAWAeun_pan,0
IDwAYxFYx_boil,0
IDwAYxFYx_pan,0
IDwGmhdt_boil,0
IDwGmhdt_pan,0
IDwJjSriTt_boil,0
IDwJjSriTt_pan,0
IDwL79L_boil,0
IDwL79L_pan,0
IDwLlDqz1hl4XB_boil,0
IDwLlDqz1hl4XB_pan,0
IDwTNMfwHMw_boil,0
IDwTNMfwHMw_pan,0
IDwTTlnsWZ_boil,0
IDwTTlnsWZ_pan,0
IDwXxrkwHO9_boil,0
IDwXxrkwHO9_pan,0
IDwezmbqdK3Txzgkv_boil,0
IDwezmbqdK3Txzgkv_pan,0
IDwllD9A92BT_boil,0
IDwllD9A92BT_pan,0
IDwnEywobzfSF_boil,0
IDwnEywobzfSF_pan,0
IDwrfKFijXJOT4K3t_boil,0
IDwrfKFijXJOT4K3t_pan,0
IDwrgxs_boil,0
IDwrgxs_pan,0
IDwuY9I_boil,0
IDwuY9I_pan,0
IDwwBEl_boil,0
IDwwBEl_pan,0
IDx0knuD_boil,0
IDx0knuD_pan,0
IDx1Q3Dy_boil,0
IDx1Q3Dy_pan,0
IDx3BSD4_boil,0
IDx3BSD4_pan,0
IDx3Jo0nyWr_boil,0
IDx3Jo0nyWr_pan,0
IDx54u9_boil,0
IDx54u9_pan,0
IDx6VR7Aqn_boil,0
IDx6VR7Aqn_pan,0
IDx8F7lZ_boil,0
IDx8F7lZ_pan,0
IDxBKKeI_boil,0
IDxBKKeI_pan,0
IDxPHUCd5_boil,0
IDxPHUCd5_pan,0
IDxRhnqF1Gny_boil,0
IDxRhnqF1Gny_pan,0
IDxV8KHXF2a_boil,0
IDxV8KHXF2a_pan,0
IDxVKj8_boil,0
IDxVKj8_pan,0
IDxb8tv_boil,0
IDxb8tv_pan,0
IDxcofPbgNGrDm_boil,0
IDxcofPbgNGrDm_pan,0
IDxdGnfAY_boil,0
IDxdGnfAY_pan,0
IDxdKpWTNUTbF_boil,0
IDxdKpWTNUTbF_pan,0
IDxeIa6ntJnrvKT5r_boil,0
IDxeIa6ntJnrvKT5r_pan,0
IDxevoM3Jrb7Jwa_boil,0
IDxevoM3Jrb7Jwa_pan,0
IDxfDgXSHLsiB_boil,0
IDxfDgXSHLsiB_pan,0
IDxgl9vWdiH4YwNhw_boil,0
IDxgl9vWdiH4YwNhw_pan,0
IDxihwnZti9brMNm_boil,0
IDxihwnZti9brMNm_pan,0
IDxv1ivHIDso_boil,0
IDxv1ivHIDso_pan,0
IDxvrnK7mcPXL_boil,0
IDxvrnK7mcPXL_pan,0
IDy3Anv_boil,0
IDy3Anv_pan,0
IDy76X7S3yPKbU_boil,0
IDy76X7S3yPKbU_pan,0
IDy7QEH4rL_boil,0
IDy7QEH4rL_pan,0
IDyCqgUKS_boil,0
IDyCqgUKS_pan,0
IDyEOFMbgKX5lov_boil,0
IDyEOFMbgKX5lov_pan,0
IDyF0v6h81XdMGz_boil,0
IDyF0v6h81XdMGz_pan,0
IDyFpWqCHd3_boil,0
IDyFpWqCHd3_pan,0
IDyK1PR3r_boil,0
IDyK1PR3r_pan,0
IDyNgXEZa_boil,0
IDyNgXEZa_pan,0
IDyTaBNkOUd_boil,0
IDyTaBNkOUd_pan,0
IDyVYj2_boil,0
IDyVYj2_pan,0
IDyWBUJ3eBmmh_boil,0
IDyWBUJ3eBmmh_pan,0
IDyYcRt53qPvX3mv_boil,0
IDyYcRt53qPvX3mv_pan,0
IDyiPO4bTQK_boil,0
IDyiPO4bTQK_pan,0
IDytK70vdBWYDY9Z_boil,0
IDytK70vdBWYDY9Z_pan,0
IDz0K73_boil,0
IDz0K73_pan,0
IDz0qz2WUx_boil,0
IDz0qz2WUx_pan,0
IDz2Li9rj3FGSs93_boil,0
IDz2Li9rj3FGSs93_pan,0
IDz4wyathUaafzF1_boil,0
IDz4wyathUaafzF1_pan,0
IDzBxVmIHZoneo_boil,0
IDzBxVmIHZoneo_pan,0
IDzByhJxOeg4d7vk_boil,0
IDzByhJxOeg4d7vk_pan,0
IDzPlfj_boil,0
IDzPlfj_pan,0
IDzQUjsuQbZiUAP6s_boil,0
IDzQUjsuQbZiUAP6s_pan,0
IDzTVBo_boil,0
IDzTVBo_pan,0
IDzU8hWyVLYH7kE35_boil,0
IDzU8hWyVLYH7kE35_pan,0
IDzVVQ1i6SfsJVFX1_boil,0
IDzVVQ1i6SfsJVFX1_pan,0
IDzWC4a8XJ5yB7JV6_boil,0
IDzWC4a8XJ5yB7JV6_pan,0
IDzdqMimk7v_boil,0
IDzdqMimk7v_pan,0
IDzhpdPHeGHlmWEIx_boil,0
IDzhpdPHeGHlmWEIx_pan,0
IDztljx_boil,0
IDztljx_pan,0
IDzwPcyO0e_boil,0
IDzwPcyO0e_pan,0
IDzzNegz_boil,0
IDzzNegz_pan,0
IDzzZcEYNVZMCk_boil,0
IDzzZcEYNVZMCk_pan,0
